SMILES,Label,Influence
Nc1nccc(C(=O)NCC23CC4CC(CC(C4)C2)C3)c1[N+](=O)[O-],4.028,2239389786483.8896
COCC[C@H](NC(=O)c1cc2cc(Cl)ccc2[nH]1)C(=O)O,3.456,1904631605296.7258
OC[C@H]1CC[C@H](Nc2ccc3nnc(-c4ccccc4)n3n2)CC1,3.426,1903939819403.5613
CN(C(=O)Cc1ccccc1)[C@H]1CCN(Cc2cn(C)nn2)C1,3.36,1842011638345.2148
COc1cccc(C(=O)NCCCNc2cc(C)ncn2)c1,3.33,1828644573171.2625
CC(C)CCN1CCC(N(C)C(=O)c2cccn3ccnc23)CC1,3.24,1815940997459.3176
N[C@H]1CC[C@@H](C(=O)N2CCC(C(=O)c3ccc(Cl)cc3)CC2)C1,3.266,1798517942500.2317
N[C@@H]1CC[C@@H](C(=O)N2CCC(C(=O)c3ccc(Cl)cc3)CC2)C1,3.266,1798247682944.1633
O=S(=O)(NC[C@@H](c1ccccc1)N1CCOCC1)c1cccnc1,3.27,1790302239621.3823
O=S(=O)(NC[C@H](c1ccccc1)N1CCOCC1)c1cccnc1,3.27,1789816811516.3557
COc1cccc(C(=O)NCCOc2ncccc2Cl)c1,3.25,1789179301207.899
O=S(=O)(NC[C@@H](c1ccccc1)N1CCCC1)c1cccnc1,3.27,1787567236602.7068
COc1ccc(C(=O)Nc2cccc(C(N)=O)n2)cc1OC,3.228,1772694499935.0405
CNC(=O)c1ccc(Nc2cnc(OC)c(C)c2)cc1F,3.182,1751833186371.8813
CC(=O)N1CCC[C@@H](C(=O)Nc2cccc3cccnc32)C1,3.084,1722625896530.894
O=C(C#Cc1ccc2c(c1)OCO2)Nc1ccc(-n2ccnc2)nc1,3.134,1722607433776.9106
CN(C(=O)Cc1ccccc1)[C@@H]1CCN(CCc2ccnn2C)C1,3.14,1719396471936.3843
CN1CCCN(c2ccc3nnc(C(F)(F)F)n3n2)CC1,3.132,1718134602057.2393
CN(C(=O)Cc1ccccc1)[C@H]1CCN(CC[C@H]2CCCO2)C1,3.14,1717401247717.305
CN1CC[C@@H]2CN(CCc3ccc4c(c3)CCO4)C[C@@H]2C1,3.116,1715873119115.4692
CN1CCOc2cc(COCc3ccccc3)cnc21,3.06,1703333180139.479
COc1ccc(NC(=O)c2cnn(-c3ccccc3F)c2)cn1,3.076,1697530168618.1228
COC[C@@H](NC(=O)c1cc2ccsc2[nH]1)c1ccco1,3.098,1686181222470.941
O=C(NCC1CC(NCc2ncccn2)C1)c1cccc2ccccc21,3.004,1667310229122.5923
CSc1ccc(NC(=O)c2ccc(N3CCOCC3)nc2)cn1,3.004,1648893542908.0876
C=CCCC(=O)N1CCN(Cc2ccc(OC)c(Cl)c2)CC1,2.942,1643153438349.9602
CC(C)[C@H](NC(=O)CCc1ccc(C(=O)O)cc1)C(=O)N1CCCC1,3.002,1637768807640.5562
COc1cccc(C(=O)NCCCN[C@@H](C)c2ncccn2)c1,2.966,1631184717956.8374
COC(=O)c1ccc(C(=O)Nc2cc(OC)c(OC)c(OC)c2)cc1,2.934,1628445050640.5334
O=S(=O)(NC[C@H](c1ccc(F)cc1)N1CCCC1)c1cccnc1,2.98,1618656793781.3813
N#Cc1cc(S(=O)(=O)NCC2(c3ccccc3)COC2)ccc1F,2.896,1600574418058.3242
CC[C@H](C)C(=O)N[C@@H]1CCCN(C(=O)COCc2ccncc2)CC1,2.848,1594444320711.5532
O=C(COCc1ccncc1)N1CC[C@@H]2[C@H](CCN2C/C=C/Cl)C1,2.896,1584609687976.0093
O=C(N[C@H]1CC[C@H](O)CC1)N1CCN(c2ccccc2Cl)CC1,2.882,1578302435757.781
COCC(=O)NC[C@H]1CC[C@H](NC(=O)c2ccc(C)c(F)c2)CC1,2.826,1575262007943.9658
NC[C@@H]1CCCN(C(=O)C(=O)Nc2cccc(Cl)c2)C1,2.848,1573449764314.187
CN(C(=O)Cc1ccc(Cl)cc1)C1CN(CC[C@@H]2CCOC2)C1,2.9,1572929911922.9836
O=C(N[C@H]1C[C@H](C(=O)O)C1)c1cc(-c2cccs2)on1,2.92,1571893859574.757
CCc1ccc(CN2CCC(N(C)C(=O)Cc3cnoc3)CC2)cc1,2.84,1566949958655.8838
CC[C@@H](F)CN(C)[C@@H]1CCN(C(=O)COCc2ccncc2)C1,2.778,1553122022514.1973
COc1cccc(C(=O)N2CCC(NC(=O)OC3CCCC3)CC2)c1,2.79,1546601803091.5952
CCc1c(C(=O)Nc2cc(C)on2)cnn1-c1ccccc1,2.806,1544547628191.7449
CCN(C(=O)Cc1ccc(C)cc1)[C@H]1CCN(CCO)C1,2.822,1522488492759.284
O=C(CNC(=O)c1ccccc1)NCCCCc1ccccc1,2.732,1515131215831.4602
O=C(NCCCCc1ccccc1)c1ccncc1,2.712,1500476794292.9807
O=C(Nc1ccnc(N2CCOCC2)c1)Nc1ccc(F)c(F)c1,2.662,1466477819430.4
O=C(Nc1cccc2cccnc21)[C@H]1CCn2ccnc2C1,2.698,1465535203154.3547
Cc1sc2ncnc(SCC(=O)N3CCOCC3)c2c1C,2.64,1462375937626.1538
O=C(Nc1ccc(-n2cccn2)c(F)c1)c1ccc(-n2ccnc2)nc1,2.69,1460607723347.8625
COC(=O)c1n[nH]c(C)c1NC(=O)Cc1ccc2ccccc2c1,2.614,1456915755894.859
Cc1noc([C@H]2CCCN(C(=O)c3ccc4[nH]ccc4c3)C2)n1,2.616,1456205925454.1316
CC(=O)Nc1sc(-c2ccccc2)cc1C(N)=O,2.614,1453040253373.8953
CCOc1ccc2nc(NC(=O)CNC(=O)O)sc2c1,2.614,1449570195119.0547
C=CCOC(=O)N1CCN(Cc2ccc(OC)c(Cl)c2)CC1,2.59,1448871373728.3445
FC(F)(F)C(F)(F)c1nnc2ccc(-n3ccnc3)nn21,2.614,1448816044129.801
CNC[C@H](O)[C@H](C)C(=O)Nc1nc2ccc(OC)cc2s1,2.642,1446074453589.3704
CC(=O)N1CCC[C@@H](CN2CCN(c3cccc(Cl)c3)CC2)C1,2.59,1441744033906.0432
CCOc1ccc2nc(NC(=O)CNC)sc2c1,2.614,1440597170406.0461
CCOc1ccc2nc(NC(=S)NC(=O)CC)sc2c1,2.614,1437514914853.5476
O=C([C@H]1CCCNC1)N1CCC(n2c(=O)[nH]c3ccccc32)CC1,2.564,1428666654132.2961
CC[C@H]1CCCN(CCCn2c3ccccc3[nH]c2=O)C1,2.528,1421643003125.6301
O=C([C@H]1CCCCS1)N1CCC(n2c(=O)[nH]c3ccccc32)CC1,2.54,1411989170512.176
O=C(NC1CCC(=O)CC1)c1cc(-c2cccs2)on1,2.59,1395037061557.4702
Cc1cc(C)c2c(n1)sc1c2ncnc1N1CCN(C)CC1,2.568,1385973823002.561
Cc1ccc(-c2csc(NC(=O)CSCC(=O)O)n2)cc1,2.48,1380582400921.0476
CNC(=O)c1ccccc1NC(=O)/C=C\c1ccc(OC)c(OC)c1,2.488,1370374362410.7095
O=C(O)CSCC(=O)Nc1nc(-c2ccc(F)c(F)c2)cs1,2.464,1363756466015.3499
Cc1cc(CNC(=O)N2CCN(C(C)C)CC2)ccc1Cl,2.5,1359868485160.3586
Cc1ccc(C(=O)CN2c3ccccc3N3CCN=C23)cc1,2.41,1351102083522.9219
CO[C@H]1Cc2ccc(NC(=O)c3ccc(-n4ccnc4)nc3)cc2C1,2.426,1349687782415.4724
COCCCCN1CCN(C(=O)Nc2cccc(Cl)c2)CC1,2.404,1336011730063.4736
COc1cccc(C(=O)NCCCNc2nccnc2F)c1,2.412,1335420267167.4255
CCN(CC)[C@@H]1CCN(CCC(=O)NC(=O)NCc2ccccc2)C1,2.35,1322410978945.813
Nc1nonc1/C(=N/O)Nc1ccc(F)c(Cl)c1,2.45,1321733011076.638
Cn1nnc(CNCC2CCN(C(=O)OCc3ccccc3)CC2)n1,2.372,1321689434737.5183
N#C/N=C(\N)c1sc(Nc2ccccc2)nc1N,2.372,1312126320155.7861
CCOc1cc(C(=O)N2CCC(Nc3cc(C)ncn3)CC2)ccn1,2.374,1307729553282.4194
CC(F)(F)CCS(=O)(=O)N[C@H]1CCN(Cc2ccccc2)C1,2.326,1306795441570.84
N#Cc1ccc(N2CC[C@@H](NC(=O)c3ccccc3)C2)nc1,2.334,1304038201975.5615
CCN1CCC2(CN(C(=O)c3cc4cc(F)ccc4[nH]3)C2)CC1,2.312,1303935501954.9407
NC(=O)[C@@H](Nc1ccc2c(c1)CCC2)c1ccccc1,2.346,1294372491095.6868
O=C(Nc1ccc2c(c1)C(=O)NCC2)N1CCN(CC2CC2)CC1,2.378,1292536260457.7227
O=C(NCCN1CCC1)C(c1ccccc1)c1ccccc1,2.318,1292401640677.826
N#Cc1ccc(NC(=O)N2CCN(C[C@@H]3CCCO3)CC2)cc1,2.342,1289046264221.365
NS(=O)(=O)c1ccc(CNc2ccccc2)cc1,2.332,1288977188433.7769
Cc1sc2ncnc(SCC(=O)N[C@@H]3C[C@H]4CC[C@@H]3O4)c2c1C,2.322,1288616070193.2422
O=C(Nc1ccc2ncccc2c1)c1ccc2[nH]c(=O)[nH]c2c1,2.318,1282444207439.9348
N#Cc1ccc(C(c2ccc(C#N)cc2)n2cncn2)cc1,2.336,1281749937716.8115
CCc1ccc(CCN2CCC[C@@H](NC(=O)CN3CCCC3)C2)cc1,2.25,1260903561438.5132
C/C=C/C=C/C(=O)N[C@@H]1CCCN(C(=O)c2ccccc2)C1,2.242,1258738804691.6453
COC(=O)c1ccc(NC(=O)c2cc(OC)c(O)c(OC)c2)cc1,2.25,1256968792710.4392
CC(=O)NC1CCC(NC(=O)c2cc(-c3cccs3)on2)CC1,2.276,1250822312397.9192
CC#CCNC(=O)N[C@@H]1CCCN(C(=O)c2ccccc2)C1,2.242,1248092098095.1938
COc1ccc2[nH]nc(NC(=O)COc3ccccc3C)c2c1,2.224,1241896500505.8362
O=c1[nH]c2ccccc2n1CCCN1CCC[C@@H](CO)C1,2.252,1239820984640.1562
O=C(O)c1ccc(C(=O)CS(=O)(=O)c2ccccc2)cc1,2.208,1238415697728.7808
CO[C@@H](C)C(=O)N[C@H]1CC[C@H](CNC(=O)c2cc(C)c(C)cn2)CC1,2.196,1234021482682.1707
COC(=O)N1CCN(C(=O)c2cc3cc(OC)ccc3[nH]2)CC1,2.2,1231512426053.1968
CN(CCc1nc(-c2ccncc2)no1)C(=O)OC(C)(C)C,2.216,1231152223903.1772
COc1ccc2[nH]c(C(=O)N3CCC4(CN(C)C4)CC3)cc2c1,2.2,1227491028718.6685
COC(=O)C[C@H]1CCN(C(=O)Nc2cccc(Cl)c2)C1,2.196,1226342360060.6033
COc1cc(CNC(=O)c2cnn[nH]2)ccc1OCc1cccnc1,2.208,1224968331506.1758
C[C@H]1C[C@H]1Cc1nc(CC(=O)Nc2cccc3ncccc32)no1,2.234,1223556282570.4504
Cc1ccc(C(=O)NC[C@H]2CC[C@H](NC(=O)c3cn[nH]c3)CC2)cn1,2.21,1223330851890.364
C[C@@H]1CCN(C(=O)C(=O)N[C@@H]2CCCN(C(=O)c3ccccc3)C2)C1,2.164,1217373376091.155
O=C(COc1ccc(Cl)cc1)N1CC[C@H](CNc2ncccn2)C1,2.23,1216299867410.667
COc1ccccc1CNC(=O)c1ccc2cnccc2n1,2.204,1215178988409.6294
CC(C)[C@H](NC(=O)CCc1ccc(F)cc1)C(=O)N1CCCC1,2.198,1210850594155.1697
Cc1ccc(F)cc1S(=O)(=O)N[C@H]1CCN2CCC[C@@H]2C1,2.218,1205734097880.841
COCCC(=O)N[C@H]1CCN(CCc2ccccc2)C1,2.086,1203116318139.5913
O=C(NC[C@H]1CCCCN1)c1cc(O)ccc1OCC(F)(F)F,2.178,1190877217193.56
O=C(NC[C@@H]1CCCCN1)c1cc(O)ccc1OCC(F)(F)F,2.178,1190670640619.2485
CCNC(=O)CCC(=O)N[C@@H]1CCN(CCc2ccccc2)C1,2.086,1188861276224.9106
O=C(COCc1ccccn1)N1CCC([C@@H]2CCCN2)CC1,2.162,1183672242335.9224
O=C(N[C@H]1CC[C@H](CNCCO)CC1)c1cc(-c2cccs2)on1,2.168,1172934681321.1653
CO[C@H]1CN(C(=O)c2cc(C3CC3)nc3ccc(C)cc32)CCO1,2.06,1155339052360.6208
O=C(N[C@H]1CCCN(Cc2ccccc2)C1)C1CCNCC1,2.084,1151287181065.9272
N#Cc1ccc(NCc2nc(-c3ccc(-n4ccnc4)nc3)no2)cc1,2.06,1138611877669.4028
O=C(C1CCC(=O)CC1)N1CC(=O)N2CCc3ccccc3[C@@H]2C1,2.006,1137960759332.1846
Cc1ccc(C(=O)N[C@H]2CC[C@H](CO)CC2)cc1-c1nn[nH]n1,2.024,1121310426637.9424
CCO[C@@H]1C[C@@H]1NC(=O)NC[C@@H](c1ccc(OC)cc1)N1CCCC1,2.014,1113093407058.312
Cc1cccnc1NC(=O)Nc1ccc(OC[C@H](O)CN(C)C)cc1,1.986,1104147666258.7808
CCN1CCN(Cc2ccc(C(=O)Nc3ncccn3)cc2)CC1,1.958,1102791962307.6226
N[C@H]1CC[C@@H](C(=O)N[C@H]2CCCN(Cc3ccccc3)C2)CC1,1.94,1099933677289.5493
C=C(C)CCc1noc([C@@H]2CCCN(C(=O)c3ccncc3)C2)n1,1.964,1099029575481.7596
Cc1ccc(C(=O)N2C[C@H](C)C[C@H](C)C2)cc1NC(=O)CO,1.988,1095976173075.1787
O=C(c1cc2cc(Cl)ccc2[nH]1)N1CCCNCC1,2.002,1092776811354.8679
Cc1nc(C(=O)N2CCC3(CN(C(=O)[C@@H](C)C4CC4)C3)C2)cs1,1.954,1083831502786.7544
CO[C@@H](C)CCC(=O)N[C@@H]1CCN(C(=O)c2ccccc2)C1,1.898,1082857404458.7034
C[C@@H](CC(=O)NC[C@H]1C[C@@H](Nc2cccc(F)n2)C1)[C@@H]1CCCO1,1.906,1074823734025.9844
CC(=O)Nc1ccc(CC(=O)N(C)C2CC(NC/C=C/Cl)C2)cc1,1.96,1072442942754.6772
N[C@H]1CC[C@H](NC(=O)c2cc(-c3cccs3)on2)CC1,1.956,1072023470302.9252
CCN(c1ccccc1)c1cc(NC)[n+](C)c(C)n1,1.956,1071854421566.7094
O=C(NC1CC=CC1)c1cc(-c2cccs2)on1,1.956,1071405654354.656
CC(=O)Nc1ccc(CC(=O)N(C)C2CC(NC/C=C\Cl)C2)cc1,1.96,1070306137642.179
CN1CCN2c3ncccc3Cc3ccccc3[C@@H]2C1,1.906,1066299967537.6783
COc1cc(/C=C2/SC(=S)NC2=O)ccc1C,1.902,1063422087431.8748
C#CCN[C@H]1CC[C@H](NC(=O)c2cc(-c3cccs3)on2)CC1,1.956,1062611844215.485
O=C(NNC(=O)c1cc(-c2cccs2)on1)NC1CC1,1.956,1060548947379.1871
O=C(N[C@H]1CC[C@H](NCCO)CC1)c1cc(-c2cccs2)on1,1.956,1060061316581.8304
COc1cc(/C=C2\SC(=O)NC2=O)ccc1F,1.902,1058881536509.8827
COCCOc1ccc(C(=O)Nc2ccc3c[nH]nc3c2)cc1,1.892,1057668735513.235
C=C(CC)CNC(=O)NC[C@@H](c1ccc(OC)cc1)N1CCOCC1,1.922,1056957868158.9404
O=C(N[C@@H]1CC[C@H](CO)CC1)c1cc(-c2cccs2)on1,1.956,1054893259909.1816
COc1cc(/C=C2/SC(=O)NC2=O)ccc1OC(C)C,1.902,1050703294530.6031
CC(C)[C@H](NC(=O)CCc1ccccc1)C(=O)N1CCOCC1,1.862,1047228193067.6206
CN1CCCN(C(=O)c2cc3ccccc3[nH]2)CC1,1.852,1046164378157.345
O=C(NC1CCS(=O)CC1)c1cc(-c2cccs2)on1,1.956,1044827650229.9844
O=S(=O)(c1cccc(-c2cn3cccnc3n2)c1)N1CCCCC1,1.872,1042249454236.6398
COc1cc(/C=C2\SC(=O)NC2=O)ccc1OC(C)C,1.902,1041835238615.5573
COc1ccc(/C=C2\SC(=O)NC2=O)cc1Cl,1.902,1041038469217.8894
C[C@H](CC(=O)NCc1ccc(C(=O)O)cc1)[C@@H]1CCCO1,1.924,1040235529853.636
C[C@@H](CC(=O)NCc1ccc(C(=O)O)cc1)[C@@H]1CCCO1,1.924,1038505818166.0719
O=C(NC1CC1)c1ccc(-c2ccc(CO)c(F)c2F)nc1,1.858,1036413204037.084
Cc1cc(NC(=O)c2ccc(C(F)(F)F)nc2C)c(C(=O)O)[nH]1,1.872,1030698136656.0767
COc1ccc(/C=C2\SC(=S)NC2=O)cc1OC(F)F,1.902,1030031840759.2859
O=C(Oc1ccc(C(=O)c2ccccc2)cc1)N1CCOCC1,1.842,1028198497128.671
C[C@H](C(=O)N1CCCc2ccccc2C1)N1C(=O)c2ccccc2C1=O,1.812,1026880760897.309
NC(=O)c1ccc(C(=O)NCCCCCc2ccccc2)cc1,1.828,1026609325635.6339
O=C(c1cccc(C#CCO)c1)N1CCC(Nc2ccccn2)CC1,1.862,1024527584952.4216
COCc1ncsc1C(=O)N1CCC(Nc2ccccn2)CC1,1.862,1023215620608.3434
Cc1ccnc(CN2CCC[C@@H](N(C)C(=O)c3ccncc3)CC2)n1,1.824,1021011166390.7654
C[C@H](Oc1c(Cl)cccc1Cl)C1=NCCN1,1.898,1008724152785.3608
CC(C)C[C@H](N)c1nnc(S(=O)(=O)Cc2ccc(F)cc2)o1,1.848,1000037002324.0658
COc1cc(Cc2cnc(N)nc2N)cc(Br)c1OC,1.776,981694118085.6082
COc1ccc(-c2nc(N3CCCC3)nc(O)c2C#N)cc1,1.722,970290230391.5946
Cc1nc(C(=O)N2CC[C@]3(CCN(C(=O)[C@H]4CC45CC5)C3)C2)cs1,1.756,968863210125.0685
COc1ccc(-c2nc(N3CCCCC3)nc(O)c2C#N)cc1,1.722,964047084528.1094
CCn1ccc(CNCCCNC(=O)C[C@@H](C)[C@@H]2CCCO2)n1,1.734,963478514508.5742
CCOC(=O)c1nn(-c2ccc(C)cc2)c(=O)c2c(N)scc21,1.718,962472559432.4073
Cc1nnc(CN2CCC[C@H](N(C)C(=O)c3ccncc3)CC2)o1,1.712,962413097051.6329
Cc1ccc2c(c1)C(=O)N([C@H](C)C(=O)N1CCc3ccccc3C1)C2=O,1.686,961081425129.3936
Cc1nc(C(=O)N2CCC3(CN(C(=O)[C@H]4CC4(F)F)C3)C2)cs1,1.756,958823025166.8529
c1cncc(-c2ccnc(NCc3ccc4nonc4c3)n2)c1,1.722,954907033154.6212
Cc1conc1C(=O)N1CCC2(CN(C(=O)c3csc(C)n3)C2)C1,1.756,953120538643.4287
C[C@H](C(=O)O)C(=O)Nc1ccc([N+](=O)[O-])c(C(F)(F)F)c1,1.7,949789858108.3384
C[C@@H](c1ncncc1F)[C@@](O)(Cn1cncn1)c1ccc(F)cc1F,1.754,948871142450.8043
O=C(N[C@H]1CCCNCC1)c1cc(Cl)nc(N2CCCC2)c1,1.71,944700927007.8246
CC(=O)Nc1ccc(NC(=O)NC[C@@H]2CCCN(C)C2)c(Cl)c1,1.714,944652401777.0363
O=C(O)[C@H]1Cc2c3ccccc3[nH]c2[C@@H](c2ccc(F)cc2)N1,1.662,938377812549.2375
O=C(NC1[C@H]2CNC[C@H]12)N[C@@H]1CCCN(Cc2ccccc2)C1,1.626,928063114299.7225
O=C(N[C@@H]1CCCCN(C(=O)c2cc[n+]([O-])cc2)C1)c1ccccc1,1.626,917656246273.783
O=C(NC1CCCC1)[C@H]1CCCN(S(=O)(=O)c2cccs2)C1,1.642,905833493606.7662
O=C(N[C@H]1CCN(Cc2ccccc2)C1)[C@@H]1CCN1C1CCCC1,1.626,905633349135.801
CCOc1ccc(C(=O)N[C@@H]2CCS(=O)(=O)C2)cc1,1.618,903878568067.5243
CN(C(=O)c1ccncc1)[C@H]1CCCN(C[C@@H]2CCCOC2)CC1,1.64,901091205643.124
O=C(COc1ccccc1O)NC1CCC(O)CC1,1.64,900258415272.5632
CN(C(=O)c1ccncc1)[C@H]1CCN(Cc2nnc(C3CC3)s2)C1,1.64,899207690760.9489
CO[C@@H](C)CN[C@H]1CCCN(C(=O)c2ccccc2)C1,1.546,889574203196.1005
CO[C@H](C)CN[C@H]1CCCN(C(=O)c2ccccc2)C1,1.546,889410203469.8661
COc1ccc(N2CC[C@H](CNC(=O)[C@H]3CCC[C@@H]3C(=O)O)C2)cc1,1.588,886165311048.2477
COc1ccc(N2CCCN(C(=O)[C@H]3CCC(=O)C[C@@H]3C)CC2)cc1,1.596,882898158702.0309
NCCO/N=C(\CCCCO)c1ccc(C(F)(F)F)cc1,1.572,882646820296.7461
CN(C)C1(C(=O)N[C@@H]2CCN(Cc3ccccc3)C2)CCC1,1.54,880826630750.6453
O=C(N[C@@H]1CCCCCN(C(=O)c2ccccc2)C1)C1CCOCC1,1.554,877877195718.1323
CCCCN1Cc2c(nc3cc(-c4ccco4)nn3c2O)C1=O,1.548,874141447422.1995
COC(=O)[C@@H]1C[C@@H]1C(=O)N[C@H]1CCCN(C(=O)c2ccccc2)C1,1.522,867927621419.8883
COc1ccc([C@H]2N[C@@H](C(=O)O)Cc3c4ccccc4[nH]c32)cc1,1.522,854955022647.7059
O=C(COc1ccccc1O)NC1CCSCC1,1.566,852231777345.2723
C#C[C@H](CC)NC(=O)NC[C@H](c1ccc(OC)cc1)N1CCCCC1,1.564,848978122765.1431
O=C(N[C@@H]1CCCN(S(=O)(=O)c2cccs2)C1)C1CC=CC1,1.544,848012899044.4624
COc1ccc(CC(=O)N(CCO)[C@H](C)c2ccccc2)cc1OC,1.508,839844560887.1425
C[C@H](COc1ccccc1)N[C@H](C)[C@@H](O)c1ccc(O)cc1,1.498,837093580462.0239
CC(=O)NC[C@H]1CC[C@H](NC(=O)c2ccc(-c3cnc[nH]3)cc2)CC1,1.468,830480415943.3438
O=C1CN(N=Cc2ccc(-c3ccc([N+](=O)[O-])cc3)o2)C(O)=N1,1.456,823277237628.304
O=C(N[C@@H]1CCCNC1)c1ccc(F)cc1OC(F)F,1.462,821501511423.5234
O=C(N[C@H](CO)c1ccccc1)N[C@@H]1CCN(Cc2ccccc2)C1,1.448,818740790868.555
O=C(O)c1cc(-c2ccncc2)nc2ccccc21,1.448,817996412524.6097
COc1cccc(COC[C@@H](O)CN(C)CC2CCC2)c1,1.464,814582698479.0953
C[C@@H](N[C@@H]1CN(C(=O)c2ccccc2)C[C@H]1C)C(=O)NC1CCCC1,1.426,806951021119.4862
NC(=O)c1cccc(O[C@@H]2C[C@H]3CC[C@@H](C2)N3Cc2ccccc2)n1,1.436,795409201638.431
COc1ccc2c3c1O[C@@H]1[C@@H](O)C=C[C@@H]4[C@@H](C2)N(C)CC[C@]314,1.402,786247373585.6653
COc1ccc2c3c1O[C@H]1[C@@H](O)C=C[C@@H]4[C@@H](C2)N(C)CC[C@]314,1.402,785398062671.2115
Cc1ccnc(O[C@H]2CCN(Cc3cccc(C(N)=O)c3)C2)n1,1.378,783877457601.926
O=C(O)[C@@H]1[C@H](O)CC[C@@H]2CN3CCc4c5ccccc5[nH]c4[C@H]3C[C@H]21,1.334,771531258459.541
Cc1c(N)cccc1NC(=O)c1ccc(N2CCOCC2)cc1,1.368,768307545404.0085
CC(C)Oc1cccc([C@@H](C)NC(=O)/C=C\CN2CCOCC2)c1,1.4,762248352917.2952
CCCN(CCC#N)S(=O)(=O)c1ccc(C(=O)O)cc1,1.322,755769027309.0685
CCC(=O)N1CC[C@@H](NC(=O)[C@@H](c2ccccc2)C2CC2)C1,1.314,752936225906.714
NC(=O)CN[C@H]1CC[C@H](NC(=O)c2cc(-c3cccs3)on2)CC1,1.358,752559305150.3978
COc1cccc(COC[C@H](O)CN[C@@H]2CCC2(C)C)c1,1.286,725888525048.1255
COc1cccc(NC(=O)CCN2CCC(C(N)=O)CC2)c1,1.254,720302564218.9331
O=C(CN1CCC(C2CC2)CC1)Nc1ccc2c(c1)OCO2,1.27,712133344868.8751
C[C@@H](CC(=O)NCC1(NCc2ccon2)CCCCC1)[C@@H]1CCCO1,1.248,708855948013.1176
CN(C)c1ccc([C@@H]2N[C@@H](C(=O)O)Cc3c4ccccc4[nH]c32)cc1,1.224,701574553526.7737
CN(C)c1ccc([C@@H]2N[C@H](C(=O)O)Cc3c4ccccc4[nH]c32)cc1,1.224,701009504575.9125
C[C@H](CC(=O)NCC1(NC(=O)Cc2ccon2)CCC1)[C@@H]1CCCO1,1.248,695326723858.6608
Cc1ccc(CS(=O)(=O)N2CCN(CCC(=O)O)C[C@H]2C)cc1,1.226,688516318568.6602
O=C(COc1ccccc1O)NC1CCOCC1,1.216,674814905136.3534
C[C@@H](CC(=O)NCC1(NC(=O)c2ccnn2C)CCC1)[C@H]1CCCO1,1.15,647519624433.7554
COC(=O)COc1ccc(C)cc1-n1nc2ccccc2n1,1.126,646476951677.5823
O=C(O)[C@@H]1Cc2c3ccccc3[nH]c2[C@@H](c2cccnc2)N1,1.124,643926382016.2188
O=C(c1cccc(Cl)c1O)N1CCN(c2ccccn2)CC1,1.156,643342216356.7893
O=C(O)[C@H]1Cc2c3ccccc3[nH]c2[C@@H](c2cccnc2)N1,1.124,642457669808.7491
CC(C)(C)OC(=O)N[C@H](Cc1ccccc1)C(N)=O,1.084,626924993687.4615
CCc1cccc2c3c([nH]c21)[C@@](CC)(CC(N)=O)OCC3,1.08,621725098116.0406
Cc1c[nH]c(/C=C2/C(=O)Nc3ccccc32)c1CCC(=O)O,1.04,621130265651.4639
CCOc1ccc(NC(=O)C(=O)Nc2ccc(NC(C)=O)cc2)cc1,1.07,611258149723.8542
COc1ccc(COC[C@@H](O)CN2CCC(OCC3CC3)CC2)cc1,1.086,610276245875.2056
O=C(c1ccccc1Cl)N1CCN(c2ccccn2)CC1,1.038,595867094753.0446
O=S(=O)(Nc1nccs1)c1ccc(O)cc1,1.106,595856815637.2268
C[C@@H](C(=O)N[C@H]1CCN(C(=O)c2ccnnc2)C1)C1CCCC1,1.014,595191054352.3519
CCCN(CCO)CC(=O)Nc1c(C#N)cnn1-c1ccccc1,0.98,590847554175.2909
C[C@@H]1CN(C(=O)c2ccncc2)c2ccccc2NC1=O,1.008,576784528170.4572
COc1ccc(COC[C@@H](O)CN2CC[C@@H](OC)C(C)(C)C2)cc1,1.008,561550634772.8352
COc1ccc(COC[C@H](O)CN2CCC[C@@H](CO)CC2)cc1,1.008,555968021318.4536
C[C@@H](C(=O)N[C@H]1CCN(C(=O)c2ccccc2F)C1)C1CCCC1,0.944,552833567585.1063
Cc1cc(NC(=O)C(F)(F)F)ccc1N1CCOCC1,0.982,550843302891.7473
C[C@H](CC(=O)NCCNCc1ccccc1)[C@@H]1CCCO1,0.9,532024703091.3301
Cc1[nH]c2ccccc2c1CCNC(=O)NCc1cnn(C)c1,0.894,525539602573.88477
C[C@@H](NC(=O)OC(C)(C)C)C(=O)N[C@H](Cc1ccccc1)C(=O)O,0.89,524771643865.1937
C[C@H](NC(=O)N1CCOC[C@@H]1C)c1cccc(N2CCCC2)c1,0.806,484786936350.96155
O=S(=O)(Nc1nccs1)c1ccc2c(c1)OCCO2,0.888,478869788138.3502
Cc1[nH]nc(C(=O)N2CC3(C2)CCN(Cc2ccccc2)CC3)c1C,0.83,457441556277.12244
COc1cccc(COC[C@@H](O)CN2CCC(C(=O)O)CC2)c1,0.744,435323960688.5925
O=C(c1cc[nH]n1)N1CC[C@@]2(CCN(Cc3ccccc3)C2)C1,0.75,431196600782.0401
CCN1CCOC[C@H]1CNC(=O)c1cccc(OC)c1OC,0.728,427653702930.45105
C=CCc1ccccc1OC[C@@H](O)CN[C@H](C)COC,0.71,423484571580.184
CC(=O)Nc1nc(C)c(S(=O)(=O)Nc2cnn(C)c2C)s1,0.758,412139178989.74976
CC(C)c1ccc2oc3nc(N)c(C(=O)O)cc3c(=O)c2c1,0.68,404889392429.6817
CC[C@@H](C)[C@H](C)NC[C@H](O)COc1cccc2[nH]ccc21,0.638,404215800699.0752
CC[C@H](C)NC[C@@H](O)COc1cccc2[nH]ccc21,0.638,404052137368.7185
CCC[C@H](C)NC[C@@H](O)COc1cccc2[nH]ccc21,0.638,399710728752.80634
C#C[C@H](C)NC[C@H](O)COc1cccc2[nH]ccc21,0.638,396580281397.7495
C[C@H](C[C@H](C)O)NC[C@@H](O)COc1cccc2[nH]ccc21,0.638,392319404609.9909
CC(C)c1c(C(=O)N[C@H]2CC[S@@](=O)C2)cnn1-c1ccccc1,0.618,366377682258.22424
C[C@@H](C(=O)N[C@@H]1CCCN(C(=O)c2cncnc2)C1)C1CCCC1,0.592,361825102424.74634
C=CCc1ccccc1OC[C@H](O)CN[C@H]1CCN(C(=O)NCC)C1,0.584,342838974869.2005
COC[C@H](C)NC[C@@H](O)COc1cccc2[nH]ccc21,0.488,322057236271.05597
CCC(CC)NC[C@@H](O)COc1cccc2[nH]ccc21,0.488,316867956469.1023
COc1cccc(COC[C@H](O)CN2CCC(CC(N)=O)CC2)c1,0.514,304181230140.2301
C[C@H](C(=O)N[C@@H]1CCCN(S(C)(=O)=O)C1)c1ccccc1,0.374,255794100573.1477
COc1cccc(OC[C@H](O)CN2CC[C@H](C)[C@@H](CN)CC2)c1,0.42,253012064702.3085
CCCOCCOCc1ccc(OC[C@@H](O)CNC(C)C)cc1,0.376,250700103620.54636
CCOCCOCc1ccc(OC[C@@H](O)CNC(C)C)cc1,0.376,246193177181.92932
COC(=O)c1cc([C@H](O)CN[C@@H](C)CCc2ccccc2)ccc1O,0.342,226754056028.5303
CN1[C@@H]2CC[C@H]1C[C@@H](OC(=O)[C@H](O)c1ccccc1)C2,0.352,225750449096.35623
CN1[C@@H]2CC[C@H]1C[C@@H](OC(=O)[C@@H](O)c1ccccc1)C2,0.352,225735688341.79886
CN1[C@H]2CC[C@H]1CC(OC(=O)[C@@H](O)c1ccccc1)C2,0.352,220483506976.94083
CS(=O)(=O)N1CC[C@H](NC(=O)NC23CC4CC(CC(C4)C2)C3)C1,0.28,176615862264.07312
C[C@H](CCc1ccccc1)NC[C@H](O)c1ccc(O)c(C(N)=O)c1,0.206,112230806697.57156
COC(=O)[C@H]1[C@H]2CC[C@H](C[C@@H]1OC(=O)c1ccccc1)N2C,0.102,87540620495.86235
CC(=O)[C@@H]1[C@H]2CC[C@H](C[C@H]1OC(=O)c1ccccc1)N2C,0.102,85167786700.95969
COC(=O)[C@@H]1[C@H]2CC[C@H](C[C@H]1OC(=O)c1cccc(O)c1)N2C,0.102,79114653229.56044
COC(=O)[C@H]1[C@H]2CC[C@H](C[C@H]1OC(=O)c1cccc(O)c1)N2C,0.102,78798056363.00137
CCCN1CCC[C@H]1CNC(=O)C(=O)c1ccccc1OC,0.06,76416055519.98192
CCN1CCC[C@H]1CNC(=O)c1ccc(C(=O)OC)nc1,0.06,73975301681.69713
CC(C)(C)OC(=O)N[C@H](Cc1ccc(Cl)cc1)C(=O)O,0.068,60316871521.42508
O=C(OCCN1CCOCC1)c1c[nH]c2ccccc21,-0.034,48902013229.33952
CCN(CCNC(=O)c1cc(F)ccc1OC)Cc1nccs1,0.058,47199508609.97938
CCc1cc(Cl)c(OC)c(C(=O)NC[C@H]2CCCN2CC)c1O,0.06,34709766690.60847
N#C[C@@H]1CCCN1C(=O)CNC12C[C@H]3C[C@H](CC(O)(C3)C1)C2,0.01,27689144824.814533
CN1[C@@H]2CC[C@@H]1C[C@@H](OC(=O)[C@H](CO)c1ccccc1)CC2,-0.076,-1929373363.2094543
COc1ccc(S(=O)(=O)Nc2cc(OC)nc(OC)n2)cc1,-0.03,-3857892031.659913
CN1[C@@H]2CC[C@H]1C[C@@H](OC(=O)[C@H](CO)c1ccccc1)C2,-0.076,-4928681227.16885
CN1[C@@H]2CC[C@H]1CC(OC(=O)[C@@H](CO)c1ccccc1)C2,-0.076,-6670232549.849482
CC(C)N1[C@H]2CC[C@H]1CC(OC(=O)[C@H](CO)c1ccccc1)C2,-0.076,-11395520637.158117
Cc1cc(C#N)cc(C)c1C(=O)N[C@@H](Cc1ccccc1)C(=O)O,-0.072,-16398853913.533129
COc1ccc(S(=O)(=O)Nc2ncnc(OC)c2OC)cc1,-0.11,-36089259079.58004
CCN1CCC[C@H]1CNC(=O)c1cc(S(C)(=O)=O)ccc1OC,-0.338,-152668343140.51712
